,title,desciption,url,provider,date
0,A list of <b>COVID-19</b> <b>outbreaks</b> at New England colleges,Hundreds of college students at New England-area universities have become infected with COVID-19 since returning to campuses across the region this fall.,https://www.bostonglobe.com/2020/09/27/metro/list-covid-19-outbreaks-new-england-colleges/,The Boston Globe,2020-09-28T05:10:00.0000000Z
1,Why school <b>COVID-19</b> <b>outbreak</b> numbers in Michigan seem low,The State of Michigan&#39;s system of reporting school-based COVID-19 outbreaks probably understates the numbers of student and staff who are positive.,https://www.freep.com/story/news/education/2020/09/28/michigan-school-covid-19-outbreak/3507785001/,Detroit Free Press,2020-09-28T10:10:00.0000000Z
2,UK universities grapple with spiralling <b>COVID-19</b> <b>outbreaks</b>,The University of Glasgow has offered a rent rebate to residents and support with securing food and medical supplies for self-isolating students in a sign of the huge challenge colleges are facing when COVID-19 outbreaks hit campus.,https://news.yahoo.com/uk-universities-grapple-spiralling-covid-145235690.html,YAHOO!,2020-09-27T23:41:00.0000000Z
3,Michigan State’s <b>COVID-19</b> <b>outbreak</b> now larger than GVSU’s,"(WOOD) — The number of coronavirus cases around Michigan State <b>University</b> has ballooned to nearly 1,300 ... For the last two available weeks of data, African-Americans represented 10% of <b>COVID-19</b> deaths and 8% of cases. They comprise about 15% of the ...",https://www.woodtv.com/health/coronavirus/september-28-2020-michigan-coronavirus-update/,WOOD-TV,2020-09-28T19:11:00.0000000Z
4,Rabies Hero campaign aims to suppress secondary disease <b>outbreaks</b> due to <b>COVID – 19</b>,WSU&#39;s Rabies Free Africa launched the Rabies Hero campaign today to raise national awareness about potential disease outbreaks in animals as people miss routine veterinary care appointments during COVID-19.,https://news.wsu.edu/2020/09/28/rabies-hero-campaign-aims-suppress-secondary-disease-outbreaks-due-covid-19/,Washington State University News,2020-09-28T19:08:00.0000000Z
5,U.K. students locked down in <b>university</b> dorms as <b>COVID-19</b> cases rise,Thousands of students across the UK have been forced into isolation within weeks of arriving for the start of the academic year after mass coronavirus outbreaks were confirmed at university campuses.,https://www.ctvnews.ca/health/coronavirus/u-k-students-locked-down-in-university-dorms-as-covid-19-cases-rise-1.5123399,CTV News,2020-09-28T18:12:00.0000000Z
6,Ministers defend students’ return to <b>university</b> amid rash of <b>Covid-19</b> <b>outbreaks</b>,Ministers have defended the return of students to university despite government scientists insisting the rash of outbreaks on campuses in recent days had been predicted back in August. Culture Secretary Oliver Dowden said students would be able to return home to their families for Christmas if the public abides by social distancing rules as he insisted it was important they did not miss out on a year of university.,https://inews.co.uk/news/politics/ministers-defend-students-return-to-university-covid-outbreaks-663934,i,2020-09-28T18:13:00.0000000Z
7,Have Public Universities Failed Their Communities On <b>Covid-19</b> And Racism?,It is time for university leaders to pay attention to public sentiment and to become more responsive to the wants and needs of the very citizens they are supposed to be serving.,https://www.forbes.com/sites/stephengavazzi/2020/09/28/have-public-universities-failed-their-communities-on-covid-19-and-racism/,Forbes,2020-09-28T17:26:00.0000000Z
8,<b>Covid-19</b> Live Updates: Murders Climbed in 27 U.S. Cities as the Virus Spread in the Summer,The world is nearing another tragic threshold in the coronavirus pandemic: a reported death toll of one million people.,https://www.nytimes.com/live/2020/09/28/world/covid-19-coronavirus,New York Times,2020-09-28T18:10:00.0000000Z
9,UCSD aims to prevent <b>COVID-19</b> <b>outbreak</b> as fall quarter begins,"Monday marks the start of fall quarter at UC San Diego, where a number of measures are being taken to prevent an outbreak of COVID-19.",https://fox5sandiego.com/news/coronavirus/ucsd-aims-to-prevent-covid-19-outbreak-as-fall-quarter-begins/,Fox 5 San Diego,2020-09-28T15:56:00.0000000Z
10,Case Western Reserve researchers receive $2.3 million to study <b>COVID-19</b> spread in nursing homes,"Almost from the moment COVID-19 reached this nation&#39;s shores, nursing homes have experienced some of its most devastating effects.",https://www.news-medical.net/news/20200928/Case-Western-Reserve-researchers-receive-2423-million-to-study-COVID-19-spread-in-nursing-homes.aspx,News Medical,2020-09-28T18:02:00.0000000Z
11,Marquette <b>University</b> students at Cobeen Hall must quarantine for two weeks due to <b>COVID-19</b> <b>outbreak</b>,"The dormitory is the second at Marquette to be put in quarantine, after administrators placed Schroeder Hall on lockdown beginning Sept. 15.",https://www.msn.com/en-us/news/us/some-marquette-university-students-go-home-after-school-puts-dorm-under-quarantine/ss-BB19s9SU,Milwaukee Journal Sentinel on MSN.com,2020-09-26T20:13:08.0000000Z
12,"UK students are trapped in their dorms, threatened with $1,000 fines if they leave, as universities scramble to prevent <b>COVID-19</b> <b>outbreaks</b> on campus",New university students in the UK say they are being prevented from leaving their dorms and threatened with fines as part of heavy-handed attempts by authorities to prevent COVID-19 spreading on campus.,https://www.msn.com/en-us/news/world/uk-students-are-trapped-in-their-dorms-threatened-with-1000-fines-if-they-leave-as-universities-scramble-to-prevent-covid-19-outbreaks-on-campus/ar-BB19uFvl,INSIDER on MSN.com,2020-09-28T10:16:13.0000000Z
13,U.S. records over 7 million <b>COVID-19</b> cases as Midwest <b>outbreak</b> surges,"The number of novel coronavirus cases in the United States topped 7 million - more than 20% of the world&#39;s total - as Midwest states reported spikes in COVID-19 infections in September, according to a Reuters tally.",https://www.reuters.com/article/us-health-coronavirus-usa-cases-idUSKCN26G053,Reuters,2020-09-26T08:48:00.0000000Z
14,"Illinois <b>COVID-19</b>: IL reports 1,709 new coronavirus cases, 13 deaths","Illinois public health officials announced 1,709 new cases of COVID-19 Monday along with 13 additional deaths.",https://abc7chicago.com/coronavirus-illinois-covid-19-today-cases-numbers/6625773/,ABC 7 Chicago,2020-09-28T17:49:00.0000000Z
15,About 80% of Asymptomatic People With <b>COVID-19</b> Develop Symptoms,A meta-analysis from Switzerland and study from South Korea reach the same estimate — that only about 20% of asymptomatic people with COVID-19 remain so over time.,https://www.medscape.com/viewarticle/938195,Medscape,2020-09-28T18:12:00.0000000Z
16,Michigan State <b>University</b> pushes forward with football amid a mass spike in <b>COVID-19</b> cases,"Since August 24, there have been 1,250 cases of COVID-19 linked to the reopening of Michigan State University (MSU). The university has officially recorded 499 positive cases, which both the university and the Ingham County Health Department have acknowledged is an underestimation of the true number of cases.",https://www.wsws.org/en/articles/2020/09/28/mich-s28.html,World Socialist Web Site,2020-09-28T05:24:00.0000000Z
17,<b>COVID-19</b>: How do Salisbury <b>University</b> and UMES compare,"Salisbury University and the University of Maryland Eastern Shore sit less than 15 miles from one another, but the effects from COVID-19 have been very different.",https://www.delmarvanow.com/story/news/2020/09/28/covid-19-how-do-salisbury-university-and-umes-compare/5852586002/,DelmarvaNow,2020-09-28T10:14:00.0000000Z
18,Glasgow <b>University</b> to refund one month’s rent after <b>Covid-19</b> <b>outbreak</b>,The return of students to universities has led to a spike in the number of coronavirus cases across the country.,https://www.msn.com/en-gb/news/uknews/glasgow-university-to-refund-one-months-rent-after-covid-19-outbreak/ar-BB19rGei,PA Media on MSN.com,2020-09-26T12:52:52.0000000Z
19,Elon <b>University</b> reports <b>COVID-19</b> <b>outbreak</b> among student-athletes,"Elon University said it has identified a COVID-19 cluster among football student-athletes. ELON, N.C. — Elon University said since Tuesday at least 21 student-athletes tested positive for COVID-19. That includes a cluster of cases among football student-athletes.",https://www.wfmynews2.com/article/news/health/coronavirus/elon-university-reports-covid-19-outbreak-among-student-athletes/83-425ae37a-3cd1-4a87-825c-fe21907e100e,WFMY News2,2020-09-18T03:11:00.0000000Z
20,Opposition mounts at the <b>University</b> of Michigan as <b>COVID-19</b> <b>outbreaks</b> emerge on campus,"The <b>University</b> of Michigan reported on Thursday that a cluster of <b>COVID-19</b> cases had been confirmed in South Quad Residence Hall, primarily on the sixth and eighth floors. The <b>outbreaks</b> were reported just one day after a nearly two-week-long strike by the ...",https://www.wsws.org/en/articles/2020/09/22/mich-s22.html,World Socialist Web Site,2020-09-22T00:00:00.0000000Z
21,"One <b>COVID-19</b> Shot, Two Approaches","Just as two heads are proverbially better than one, so two approaches to fighting COVID-19 are likely to double the odds of success against the virus, reasons a Cambridge, MA-based vaccine developer with key operations in Canada and Israel.",https://www.genengnews.com/gen-edge/one-covid-19-shot-two-approaches/,GEN,2020-09-28T18:13:00.0000000Z
22,"York County has 67 new cases of <b>COVID-19</b>, no new deaths","Of those cases, 44 were reported Sunday and 23 were reported Monday. There were no new deaths linked to COVID-19 during that time period, leaving the death toll at 156.",https://www.yorkdispatch.com/story/news/local/2020/09/28/york-county-has-67-new-cases-covid-19-no-new-deaths/3561948001/,The York Dispatch,2020-09-28T18:55:00.0000000Z
23,2 Temple <b>University</b> Students Fighting For Partial Tuition Refund After <b>COVID-19</b> <b>Outbreak</b> Forces College To All Remote Learning,"In-person learning lasted just two weeks and after an outbreak of COVID-19 on campus, all classes are now being taught online.",https://philadelphia.cbslocal.com/2020/09/17/2-temple-university-students-fighting-for-partial-tuition-refund-after-covid-19-outbreak-forces-college-to-all-remote-learning/,CBS Boston / WBZ,2020-09-18T02:23:00.0000000Z
24,Regis <b>University</b> quarantines Residence Village for 2 weeks due to <b>COVID-19</b> <b>outbreak</b>,Regis University said it is implementing a two-week quarantine of Residence Village due to a COVID-19 outbreak traced to the village.,https://kdvr.com/news/coronavirus/regis-university-quarantines-residence-village-for-2-weeks-due-to-covid-19-outbreak/,FOX31 Denver,2020-09-16T17:27:00.0000000Z
25,Study: ECMO appears to help critically ill <b>COVID-19</b> patients,"The life-support option known as ECMO appears to help many of the critically ill COVID-19 patients who received it, according to a study led by a University of Michigan researcher.",https://www.clickondetroit.com/news/local/2020/09/28/study-ecmo-appears-to-help-critically-ill-covid-19-patients/,clickondetroit.com,2020-09-28T17:35:00.0000000Z
26,<b>University</b> of Minnesota transitions to step 2 of fall <b>COVID-19</b> plan,"University of Minnesota campuses around the state have transitioned to the second step of its fall COVID-19 safety plan.  Step two loosens restrictions that were in place for the first week and change of the academic year,",https://bringmethenews.com/minnesota-news/university-of-minnesota-transitions-to-step-2-of-fall-covid-19-plan,Bring Me The News,2020-09-28T17:59:00.0000000Z
27,"<b>University</b> of Delaware eyes layoffs, cost cuts amid <b>COVID-19</b>",University of Delaware officials announced Thursday that they are implementing a variety of cost-cutting measures because of the financial effects of the,https://www.msn.com/en-us/news/us/university-of-delaware-eyes-layoffs-cost-cuts-amid-covid-19/ar-BB19ouwI,Associated Press on MSN.com,2020-09-24T20:48:07.0000000Z
28,Grand Valley State <b>University</b> students ordered to ‘stay in place’ after <b>COVID-19</b> <b>outbreak</b>,Students at Grand Valley State University in Allendale Township have been ordered to “stay in place” for 14 days following more than 600 COVID-19 cases.,https://www.clickondetroit.com/news/2020/09/16/grand-valley-state-university-students-ordered-to-stay-in-place-after-covid-19-outbreak/,clickondetroit.com,2020-09-16T21:45:00.0000000Z
29,Arizona State <b>University</b>/Halberd Pursue Nasal Spray as <b>COVID-19</b> Preventative/Treatment Based on Children&#39;s Natural Immunity,Halberd Corporation&#39;s (OTC PINK:HALB) scientists have determined the reason may be that adults have far more Angiotensin-Converting Enzyme 2 (ACE2) receptors in nasal membrane epithelial cells. ACE2 (3) is a membrane protein expressed in many organs such as nasal and lung epithelial cells.,http://www.digitaljournal.com/pr/4820435,Digital Journal,2020-09-28T12:07:00.0000000Z
30,Va. <b>COVID-19</b> cases continue decline,"Last week, the state saw 5,455 new COVID-19 cases and 151 virus-related deaths, continuing a statewide decline, according to the Virginia Department of Health’s update Monday, Sept. 28. Virginia’s positivity rate is 4.",https://www.virginiabusiness.com/article/va-covid-19-cases-continue-decline/,Virginia Business,2020-09-28T18:33:00.0000000Z
31,Data: King Co. <b>COVID-19</b> Protocols Kept Providers Safer,"When COVID-19 hit King County, Washington, the county’s emergency medical services (EMS) immediately implemented procedures to protect its providers. Those protocols were updated as the outbreak intensified and more was learned about the virus.",https://www.emsworld.com/press-release/1224926/data-king-co-covid-19-protocols-kept-providers-safer,EMS World,2020-09-28T17:34:00.0000000Z
32,Don’t muzzle scientists investigating <b>COVID-19</b>,"Though the death toll from COVID-19 just hit a staggering 200,000 in the U.S., we still don’t know the origins of this killer virus. China, which has been praised by the World Health Organization, has blocked independent investigation.",https://www.minotdailynews.com/opinion/national-columnists/2020/09/dont-muzzle-scientists-investigating-covid-19/,Minot Daily News,2020-09-28T18:36:00.0000000Z
33,"Ohio reports 993 new <b>COVID-19</b> cases, 5 new coronavirus-related deaths","The Ohio Department of Health reported 993 new COVID-19 cases in the state today, bringing the total number of cases to 151,802.",https://www.news5cleveland.com/news/continuing-coverage/coronavirus/ohio-reports-993-new-covid-19-cases-5-new-coronavirus-related-deaths,Cleveland,2020-09-28T18:57:00.0000000Z
34,Ohio State Becomes Ohio&#39;s Largest <b>COVID-19</b> <b>Outbreak</b> So Far,"COLUMBUS, Ohio — While the spread of COVID-19 at Ohio State University is trending downward, the university set a record this week no one wanted to see broken when its count of positive tests surpassed that of Marion Correctional Institution,",https://www.mynews13.com/fl/orlando/news/2020/09/19/ohio-state-becomes-ohio-s-largest-covid-19-outbreak-so-far,News 13,2020-09-27T13:33:00.0000000Z
35,"Florida schools reopened as teachers, families feared <b>COVID-19</b> spike. New data shows otherwise.",Many teachers and families feared a spike in COVID-19 cases when Florida made the controversial push to reopen schools in August with in-person,https://www.njherald.com/news/20200928/florida-schools-reopened-as-teachers-families-feared-covid-19-spike-new-data-shows-otherwise,New Jersey Herald,2020-09-28T17:25:00.0000000Z
36,"Ontario reports 700 cases of <b>COVID-19</b>, beats previous high of 640 in April as authorities struggle to slow virus spread",Ontario has set a new record for daily COVID-19 cases as authorities struggle to slow the spread of the highly contagious virus against a rising tide.,https://www.flamboroughreview.com/news-story/10210775-ontario-reports-700-cases-of-covid-19-beats-previous-high-of-640-in-april-as-authorities-struggle-to-slow-virus-spread/,flamboroughreview.com,2020-09-28T18:06:00.0000000Z
37,Nearly 1M who died of <b>COVID-19</b> also illuminated treatment,"The nearly 1 million people around the world who have lost their lives to COVID-19 have left us a gift: Through desperate efforts to save their lives, scientists now better understand how to treat and prevent the disease — and millions of others may survive.",https://floridapolitics.com/archives/370284-nearly-1m-who-died-of-covid-19-also-illuminated-treatment,Florida Politics,2020-09-28T18:22:00.0000000Z
38,Arizona State <b>University</b>/Halberd Corp. Outline Partnership 2nd Stage Goals of $1.4 M <b>Covid-19</b> Program,"The second stage of the research involves an investigation of a method using dialysis, or a variant of dialysis, to remove the fluorescent antibody-antigen complex, for the rapid identification of a Covid-19 sample.",http://www.digitaljournal.com/pr/4809829,Digital Journal,2020-09-17T11:59:00.0000000Z
39,Coronavirus cases confirmed at York St John <b>University</b> but they stress it is not an <b>outbreak</b>,"Numerous universities in the country have experienced huge outbreaks of cases, forcing thousands of students to self-isolate",https://www.examinerlive.co.uk/news/local-news/coronavirus-cases-confirmed-york-st-19009892,examinerlive,2020-09-28T11:44:00.0000000Z
40,"Vanderbilt football survived 1918 Spanish flu pandemic despite infected coach, contested Tennessee game",Fans in masks. Games canceled. Players infected. Vanderbilt went through a football season during a pandemic in 1918 and had plenty of stories to tell.,https://www.msn.com/en-us/sports/ncaafb/highlights-from-week-4-of-the-college-football-season/ss-BB19sRYE,Tennessean on MSN.com,2020-09-27T11:58:00.0000000Z
41,Western <b>University</b> faces <b>outbreak</b> of <b>COVID-19</b>,"More than two dozen students at Western University have tested positive for COVID-19, prompting the school to shut down many non-academic activities. The school in London, Ont., said most of the 28 students who received positive tests live off-campus,",https://www.flamboroughreview.com/news-story/10202833-western-university-faces-outbreak-of-covid-19/,flamboroughreview.com,2020-09-18T00:12:00.0000000Z
42,Only 10 states are seeing downward trends in new <b>COVID-19</b> cases. Idaho is not one of them,"(CNN) — In this uphill battle against COVID-19, letting your foot off the gas too soon can send you backward. That’s what places like New York City are discovering after months of steady progress in fighting the pandemic.",https://www.eastidahonews.com/2020/09/only-10-states-are-seeing-downward-trends-in-new-covid-19-cases-idaho-is-not-one-of-them/,East Idaho News,2020-09-28T17:51:00.0000000Z
43,<b>COVID-19</b> <b>outbreak</b> declared at Western <b>University</b> after five students test positive,A community outbreak of COVID-19 is being declared by the Middlesex-London Health Unit after five Western University students tested positive for the virus.,https://news.yahoo.com/western-university-covid-19-outbreak-144911067.html,YAHOO!,2020-09-14T14:55:00.0000000Z
44,Michigan State <b>University</b> students asked to self-quarantine after <b>Covid-19</b> <b>outbreak</b>,Health officials on Saturday asked Michigan State University students to self-quarantine immediately after parties contributed to 342 new coronavarius cases.,https://www.msn.com/en-us/news/us/michigan-state-university-students-to-self-quarantine-after/ar-BB18YgAh,CNN on MSN.com,2020-09-12T21:45:08.0000000Z
45,"&#39;This is a long-haul thing&#39;: ASU, UA discuss <b>COVID-19</b> campus <b>outbreaks</b>, brace for possible spike",Both Arizona State <b>University</b> and <b>University</b> of Arizona held virtual meetings Wednesday morning to discuss <b>COVID-19</b> <b>outbreaks</b> among their students and staff in addition to detailing the efforts ...,https://www.azcentral.com/story/news/local/arizona-education/2020/09/09/asu-uarizona-discuss-covid-19-campus-outbreaks-brace-spike-cases/5757894002/,The Arizona Republic,2020-09-11T10:55:00.0000000Z
46,"All Michigan State <b>University</b> students should self-quarantine after major <b>COVID-19</b> <b>outbreak</b>, health department warns","“The exponential growth of <b>COVID-19</b> cases must stop ... 21, said the <b>university</b> hasn&#39;t sent students an update on the <b>outbreak</b> since earlier in the week when there were just over 100 cases.",https://www.detroitnews.com/story/news/local/michigan/2020/09/12/health-department-all-msu-students-should-self-quarantine-after-major-covid-19-outbreak/5779338002/,Detroit News,2020-09-13T15:35:00.0000000Z
47,&#39;Astonishingly risky&#39;: <b>COVID-19</b> cases at colleges are fueling the nation&#39;s hottest <b>outbreaks</b>,"At James Madison <b>University</b>, where rising infections have put the independent city of Harrisonburg at the top of the nation&#39;s <b>outbreaks</b>, the college recorded more than 700 <b>COVID-19</b> cases in one ...",https://www.usatoday.com/story/news/education/2020/09/11/covid-cases-college-us-outbreak-rate-tracker/5759088002/,USA Today,2020-09-12T01:36:00.0000000Z
48,Several hundred Western <b>University</b> students get tested after <b>COVID-19</b> <b>outbreak</b>,A <b>COVID-19</b> community <b>outbreak</b> has been declared by the Middlesex-London Health Unit after five Western <b>University</b> students tested positive for the virus. The health unit expects more cases to ...,https://www.thestar.com/news/canada/2020/09/14/community-covid-19-outbreak-declared-after-western-university-students-test-positive.html,The Star,2020-09-14T16:53:00.0000000Z
49,Climatic changes may potentially impact <b>COVID-19</b> pandemic,A recent epidemiological study by Princeton <b>University</b> researchers suggests that the severity of coronavirus disease 2019 (<b>COVID-19</b>) <b>outbreak</b> during the winter season depends on the susceptibility ...,https://www.news-medical.net/news/20200913/Climatic-changes-may-potentially-impact-COVID-19-pandemic.aspx,News Medical,2020-09-13T00:00:00.0000000Z
50,Bradley <b>University</b> quarantines entire student body after <b>COVID-19</b> <b>outbreak</b>,Officials at the private university in central Illinois said they have linked a spike in coronavirus cases to off-campus gatherings.,https://www.12news.com/article/news/health/coronavirus/bradley-university-quarantines-entire-student-body-after-covid-19-outbreak/507-3b9e44dc-b978-4888-9aba-1cfa15ab6b97,KPNX,2020-09-10T01:21:00.0000000Z
51,<b>COVID-19</b>: SFU profs say high schools will probably have <b>outbreaks</b> and closing bars could help,and politicians now anxiously await news of potential <b>COVID-19</b> <b>outbreaks</b>. But two Simon Fraser <b>University</b> mathematics professors have written that &quot;a large number of high schools&quot; in the Fraser ...,https://www.straight.com/education/covid-19-sfu-profs-say-high-schools-will-probably-have-outbreaks-and-closing-bars-could,The Georgia Straight,2020-09-11T07:57:00.0000000Z
52,"‘No Evidence’ Of <b>COVID-19</b> Spread From Temple <b>University</b> <b>Outbreak</b> To Philly Communities, Officials Say","PHILADELPHIA (CBS) — Philadelphia officials are closely monitoring a <b>COVID-19</b> <b>outbreak</b> at Temple <b>University</b>. They say so far, it seems to be subsiding. “Temple <b>University</b> conducted testing ...",https://philadelphia.cbslocal.com/2020/09/08/no-evidence-of-covid-19-spread-from-temple-university-outbreak-to-philly-communities-officials-say/,CBS Philly,2020-09-08T20:34:00.0000000Z
53,SUNY Albany reports ‘very concerning’ <b>COVID-19</b> <b>outbreak</b>,Not addressing the <b>outbreak</b> immediately “could result ... classes after more than 300 students were infected with <b>COVID-19</b>. Cornell <b>University</b> is also struggling to contain an <b>outbreak</b> of ...,https://nypost.com/2020/09/11/suny-albany-reports-very-concerning-coronavirus-outbreak/,New York Post,2020-09-11T07:51:00.0000000Z
54,Michigan State <b>University</b> students asked to self-quarantine after <b>COVID-19</b> <b>outbreak</b>,"The <b>outbreak</b> started as students returned ... to doing everything we can to prevent the spread of <b>COVID-19</b>,” Michigan State <b>University</b> Physician David Weismantel said in the statement.",https://www.wishtv.com/news/national/michigan-state-university-students-asked-to-self-quarantine-after-covid-19-outbreak/,WISHTV8,2020-09-12T00:00:00.0000000Z
55,11 cases of <b>COVID-19</b> confirmed as result of <b>University</b> of New Hampshire fraternity party,Persons not associated with the <b>university</b> can access testing through ... and Human Services is investigating a potential <b>outbreak</b> of <b>COVID-19</b> among individuals associated with the Theta Chi ...,https://www.wmur.com/article/11-cases-of-covid-19-confirmed-as-result-of-university-of-new-hampshire-fraternity-party/33936473,WMUR9,2020-09-08T23:09:00.0000000Z
56,"<b>University</b> of Memphis to pause football practices, activities after <b>COVID-19</b> <b>outbreak</b>","MEMPHIS, Tenn. — The <b>University</b> of Memphis says several people connected to the Tigers football program have tested positive for <b>COVID-19</b>, causing the <b>university</b> to pause practices. It might ...",https://wreg.com/sports/university-of-memphis-to-pause-football-program-after-covid-19-outbreak/,WREG,2020-09-11T20:08:00.0000000Z
57,"<b>COVID-19</b>: CSU Frat Has Second <b>Outbreak</b>, CU Sorority Infected","Early yesterday, September 9, we noted that more than 200 positive <b>COVID-19</b> cases had ... and Colorado State <b>University</b>. Hours later, with the publication of its latest <b>outbreaks</b> report, the ...",https://www.westword.com/news/covid-19-colorado-outbreaks-at-csu-frat-cu-boulder-sorority-update-11794025,Westword,2020-09-10T13:18:00.0000000Z
58,<b>COVID-19</b> infections leap again at <b>University</b> of Georgia,"ATLANTA -- Coronavirus infections continue to spread at the <b>University</b> of Georgia, with the school reporting more than 1,400 new cases of <b>COVID-19</b> in the ... UGA&#39;s <b>outbreak</b> is now the fastest ...",https://abcnews.go.com/Health/wireStory/covid-19-infections-leap-university-georgia-72908584,ABCNews,2020-09-10T22:59:00.0000000Z
59,19 Of The 25 Worst U.S. Coronavirus <b>Outbreaks</b> Are In College Towns,"if their colleges close because of <b>outbreaks</b>, will bring <b>Covid-19</b> home. The city of Oxford, where the <b>University</b> of Mississippi is located, is a popular spot for retirees as well as college students.",https://www.forbes.com/sites/jemimamcevoy/2020/09/11/19-of-the-25-worst-us-coronavirus-outbreaks-are-in-college-towns/,Forbes,2020-09-11T17:53:00.0000000Z
60,UC Campuses Pilot Google-Apple Notification Technology to Help Prevent <b>COVID-19</b> <b>Outbreaks</b>,"Today, the state of California approved a new voluntary pilot program that uses Apple and Google smartphone technology to help rapidly control <b>COVID-19</b> <b>outbreaks</b> ... Return to Learn program will invite the <b>university</b> community to use on a voluntary ...",https://health.ucsd.edu/news/releases/Pages/2020-09-11-uc-campuses-pilot-google-apple-notification-technology-to-help-prevent-covid-19-outbreaks-.aspx,Scripps News,2020-09-12T07:25:00.0000000Z
61,<b>COVID-19</b> infections leap again at <b>University</b> of Georgia,"ATLANTA — Coronavirus infections continue to spread at the <b>University</b> of Georgia, with the school reporting more than 1,400 new cases of <b>COVID-19</b> in the ... UGA&#39;s <b>outbreak</b> is now the fastest ...",https://www.startribune.com/covid-19-infections-leap-again-at-university-of-georgia/572361152/,StarTribune,2020-09-09T18:20:00.0000000Z
62,"New coronavirus <b>outbreaks</b> reported at schools, a sorority, restaurants and more",Larger <b>outbreaks</b> have been associated at Colorado colleges and universities. Eight residents at the Pi Beta Phi sorority at <b>University</b> of Colorado Boulder have tested positive for <b>COVID-19</b> ...,https://www.9news.com/article/news/health/coronavirus/colorado-coronavirus-outbreaks-9-9-20-schools-churches/73-75d40c83-d9f2-4cf9-ab38-9ba5d8ef0c1b,KUSA,2020-09-09T23:05:00.0000000Z
63,Wastewater testing program prevents massive <b>COVID-19</b> <b>outbreak</b> at the <b>University</b> of Arizona,"“Between 9 and 10 a.m. is when you’ll have the heavier outflow, so it’s still a little early,” said Jeff Bilznick, who collects samples of wastewater at the <b>University</b> of Arizona. 8 ...",https://www.thedenverchannel.com/news/national/coronavirus/wastewater-testing-program-prevents-massive-covid-19-outbreak-at-the-university-of-arizona,7News and TheDenverChannel.com,2020-09-11T23:49:00.0000000Z
64,<b>COVID-19</b> Testing Should be Mandatory for <b>University</b> of Chicago Students,Health experts cite universal testing as a critical defense against community spread and uncontrolled <b>COVID-19</b> <b>outbreaks</b>. All members of the <b>University</b> community who visit campus and socialize with those who visit campus should be tested as a basic safety ...,https://www.chicagomaroon.com/article/2020/9/13/covid-19-testing-mandatory-university-chicago-stud/,The Chicago Maroon,2020-09-13T21:38:00.0000000Z
65,"Boston College <b>COVID-19</b> <b>outbreak</b> worries epidemiologists, students, community","Since then, the <b>university</b> has been spot testing ... but it did not specifically mention the swim team <b>outbreak</b>. An “increase in positive <b>COVID-19</b> cases this week,” the school said, was ...",https://www.bostonglobe.com/2020/09/11/metro/bc-outbreak-worries-epidemiologists-students-community/,The Boston Globe,2020-09-12T01:20:00.0000000Z
66,More cats may have <b>COVID-19</b> than believed: Study,"Researchers from Huazhong Agricultural <b>University</b> took blood samples from 102 cats between January and March 2020, following the first <b>outbreak</b>. More cats might be contracting <b>COVID-19</b> than first ...",https://www.financialexpress.com/lifestyle/health/more-cats-may-have-covid-19-than-believed-study/2079648/,The Financial Express,2020-09-10T12:52:00.0000000Z
67,Bradley <b>University</b> quarantines student body after <b>COVID-19</b> <b>outbreak</b>,"In announcing the measure, the <b>university</b> said it has tallied about 50 <b>COVID-19</b> cases so far, adding emergency measures are needed to respond to the <b>outbreak</b> without disrupting academic progress.",https://www.ksdk.com/article/news/health/coronavirus/bradley-university-quarantines-student-body-covid-19-outbreak/63-ebdecf35-2d52-41fe-b0f6-5a2f1c6ad09d,KSDK,2020-09-09T14:01:00.0000000Z
68,&#39;Astonishingly risky&#39;: <b>COVID-19</b> cases at colleges are fueling the nation&#39;s hottest <b>outbreaks</b>,"About three weeks ago, the <b>University</b> of Mississippi started its fall semester, bringing students from around the country back to Lafayette County. The <b>university</b> had hoped its mix of in-person ...",https://www.dispatch.com/story/news/education/2020/09/11/astonishingly-risky-covid-19-cases-at-colleges-are-fueling-nations-hottest-outbreaks/42575849/,Columbus Dispatch,2020-09-11T17:35:00.0000000Z
69,"<b>COVID-19</b> in Virginia: LIVE updates for Saturday, September 12","20 new <b>COVID-19</b> <b>outbreaks</b> reported in Virginia Saturday ... from <b>COVID-19</b> issues at Virginia Tech,&quot; officials with the <b>university</b> announced early Saturday morning. Read more.",https://www.wtvr.com/news/coronavirus/covid-19-in-virginia-live-updates-for-saturday-september-12,WTVR,2020-09-12T23:16:00.0000000Z
70,"New <b>COVID-19</b> <b>outbreaks</b> in Larimer County: Home improvement store, eatery and fraternity house","As a result of the second <b>outbreak</b>, the <b>university</b> is requiring all members living at the house to be tested for <b>COVID-19</b>. The state considers an <b>outbreak</b> to be two or more cases reported within a ...",https://www.coloradoan.com/story/news/2020/09/10/covid-19-outbreaks-larimer-county-september-9/5756474002/,Fort Collins Coloradoan,2020-09-10T17:54:00.0000000Z
71,<b>COVID-19</b> <b>outbreak</b> declared as 5 Western <b>University</b> students test positive for the virus,"Health officials in London, Ont., have declared a community <b>outbreak</b> after five <b>University</b> of Western Ontario students tested positive for <b>COVID-19</b> over the weekend. The Middlesex-London Health ...",https://www.680news.com/2020/09/13/covid-19-outbreak-declared-as-5-university-of-western-ontario-students-test-positive/,680 News,2020-09-13T19:34:00.0000000Z
72,<b>COVID-19</b> <b>outbreak</b> reported at high rises near UArizona campus,"TUCSON, Ariz. — A <b>COVID-19</b> <b>outbreak</b> has been reported at student high rises west of the <b>University</b> of Arizona campus, according to a letter sent from Councilman Steve Kozachik. In the letter ...",https://www.kgun9.com/news/coronavirus/covid-19-outbreak-identified-at-high-rises-near-uarizona-campus,KGUN 9,2020-09-13T23:05:00.0000000Z
73,Fraternities blamed for campus coronavirus <b>outbreaks</b> as universities struggle to keep students in class,"The <b>outbreaks</b> have become so severe that testing strategies and contract tracing efforts may not be able to keep up, medical experts say. Climbing <b>Covid-19</b> cases among <b>university</b> students living ...",https://www.cnbc.com/2020/09/09/coronavirus-universities-blame-greek-life-for-campus-reopening-headaches-were-having-a-significant-issue.html,CNBC,2020-09-11T16:46:00.0000000Z
74,New <b>COVID-19</b> Projections Show Mixed Picture of Community Spread from College Campus <b>Outbreaks</b>,"9, 2020 /PRNewswire/ -- New four-week <b>COVID-19</b> case projections released ... which experienced significant <b>outbreaks</b> on the campuses of the <b>University</b> of North Carolina and North Carolina State ...",https://www.prnewswire.com/news-releases/new-covid-19-projections-show-mixed-picture-of-community-spread-from-college-campus-outbreaks-301126865.html,PR Newswire,2020-09-09T23:45:00.0000000Z
75,Coronavirus <b>outbreak</b> declared as 5 Western <b>University</b> students test positive,The Middlesex-London Health Unit (MLHU) has declared a community novel coronavirus <b>outbreak</b> after three ... for failing to self-isolate amid <b>COVID-19</b> The <b>university</b> also highlighted its ...,https://globalnews.ca/news/7332370/coronavirus-outbreak-western-university/,Global News,2020-09-13T16:10:00.0000000Z
76,Pa. College Town Limits Crowds to 10 Amid <b>COVID-19</b> <b>Outbreak</b>,"<b>Outbreaks</b> of <b>COVID-19</b> cases have occurred on college campuses and in surrounding neighborhoods across the United States. In Philadelphia, Temple <b>University</b> cancelled most in-person classes two ...",https://www.nbcphiladelphia.com/news/local/lehigh-valley-college-town-limits-crowds-to-10-amid-covid-19-outbreak/2530824/,NBC 10 Philadelphia,2020-09-12T02:39:00.0000000Z
77,Inside <b>University</b> of Illinois&#39; massive <b>COVID-19</b> testing operation,The <b>University</b> of Illinois&#39; Urbana-Champaign campus has one of the most aggressive <b>COVID-19</b> testing protocols among ... &quot;We knew there were going to be <b>outbreaks</b> as soon as the students returned ...,https://abcnews.go.com/US/inside-university-illinois-massive-covid-19-testing-operation/story?id=72686799,ABCNews,2020-09-10T12:30:00.0000000Z
78,The <b>University</b> of Miami is led by an infectious disease expert. So why the fear?,"Julio Frenk has been on the frontline in several major <b>outbreaks</b>. But some students ... For example, a Twitter account called <b>University</b> of Miami <b>Covid-19</b> Data is tracking the cumulative number ...",https://www.theguardian.com/us-news/2020/sep/08/university-of-miami-julio-frenk-president-covid-19-protocols,The Guardian,2020-09-08T10:50:00.0000000Z
79,"<b>COVID-19</b> at college: Shaming and blaming students can make it worse, experts say","The <b>University</b> of North Carolina-Chapel Hill ... Ultimately, a significant reason for <b>outbreaks</b> of <b>COVID-19</b> at college campuses is significant community transmission where schools are located ...",https://www.nbcnews.com/health/health-news/covid-19-college-shaming-blaming-students-can-make-it-worse-n1239582,NBC News,2020-09-09T16:42:00.0000000Z
80,"Two more Colorado K-12 schools, two Greek organizations report <b>COVID-19</b> <b>outbreaks</b>","Pi Beta Phi, a sorority at <b>University</b> of Colorado Boulder ... 36 properties More than 1,200 infected in CU Boulder’s <b>COVID-19</b> <b>outbreak</b> — now the largest in Colorado by far Polis warns of ...",https://www.denverpost.com/2020/09/09/colorado-covid-out-breaks-schools-sorority-fraternity/,The Denver Post,2020-09-11T11:39:00.0000000Z
81,Bradley <b>University</b> quarantines entire student body,"Bradley <b>University</b> said it has tallied about 50 <b>COVID-19</b> cases so far, adding emergency measures are needed to respond to the <b>outbreak</b> without disrupting academic progress. AP file PEORIA ...",https://chicago.suntimes.com/coronavirus/2020/9/9/21428738/bradley-university-quarantines-student-body-coronavirus,Chicago Sun-Times,2020-09-09T12:49:00.0000000Z
82,Coronavirus <b>outbreak</b> threatens to shut down UW-Madison campus,"A campus <b>COVID-19</b> <b>outbreak</b> at <b>University</b> of Wisconsin-Madison is threatening the semester, a semester that&#39;s not even a week old. Continuing Coverage: Coronavirus in WisconsinThe school added 21 ...",https://www.wisn.com/article/coronavirus-outbreak-threatens-to-shut-down-uw-madison-campus/33960691,WISN 12 NEWS,2020-09-09T00:42:00.0000000Z
83,Michigan State <b>University</b> students asked to self-quarantine &#39;immediately&#39; after <b>COVID-19</b> <b>outbreak</b>,"The health department is strongly recommending all local MSU students self-quarantine immediately to contain the <b>outbreak</b> ... the spread of <b>COVID-19</b>,” said Michigan State <b>University</b> Physician ...",https://www.wxyz.com/news/coronavirus/michigan-state-university-students-asked-to-self-quarantine-immediately-after-covid-19-outbreak,WXYZ Detroit,2020-09-12T23:31:00.0000000Z
84,"<b>COVID-19</b> <b>outbreak</b> reported at UConn apartment complex, students told to quarantine",<b>University</b> officials said they “believe it appropriate to characterize this as an <b>outbreak</b> warranting increased medical intervention.” They went on to say it is believed that the <b>COVID-19</b> ...,https://www.wfsb.com/news/covid-19-outbreak-reported-at-uconn-apartment-complex-students-told-to-quarantine/article_2fe569fe-f479-11ea-91c0-db11b4b24b48.html,WFSB,2020-09-11T22:03:00.0000000Z
85,How Texas universities are discouraging gatherings amid <b>COVID-19</b> <b>outbreaks</b>,"Cases of <b>COVID-19</b> since August 1, 2020. (All data is from each <b>university</b>’s online <b>COVID-19</b> dashboard.) While universities have been preparing for months, it’s proving difficult to keep ...",https://www.kxan.com/news/education/how-texas-universities-are-discouraging-gatherings-amid-covid-19-outbreaks/,KXAN,2020-09-10T03:58:00.0000000Z
86,‘We’re in a good place’: <b>University</b> of Lynchburg students return to class after <b>COVID-19</b> <b>outbreak</b> on campus,"Some students at the <b>University</b> of Lynchburg were relieved ... campus house after they were forced to stay in because of a <b>COVID-19</b> <b>outbreak</b> on campus. “We had everyone, as soon as we come ...",https://www.wsls.com/news/local/2020/09/07/were-in-a-good-place-university-of-lynchburg-students-return-to-class-after-covid-19-outbreak-on-campus/,WSLS 10,2020-09-07T22:15:00.0000000Z
87,<b>COVID-19</b> Infections Leap Again at <b>University</b> of Georgia,"ATLANTA (AP) — Coronavirus infections continue to spread at the <b>University</b> of Georgia, with the school reporting more than 1,400 new cases of <b>COVID-19</b> in the ... UGA&#39;s <b>outbreak</b> is now the ...",https://www.usnews.com/news/us/articles/2020-09-09/covid-19-infections-leap-again-at-university-of-georgia,U.S. News &amp; World Report,2020-09-09T18:18:00.0000000Z
88,"KDHE releases locations of <b>COVID-19</b> <b>outbreaks</b> across Kansas, including 4 in Douglas County; KU football team listed with 14 cases",The other two county <b>outbreaks</b> are attributed to sports teams: 14 for the <b>University</b> of Kansas football ... KDHE on Wednesday confirmed 496 new cases of <b>COVID-19</b> since data was last released ...,https://www2.ljworld.com/news/state-region/2020/sep/09/kdhe-releases-locations-of-covid-19-outbreaks-across-kansas-including-4-in-douglas-county-ku-football-team-listed-with-14-cases/,Lawrence Journal-World,2020-09-09T18:35:00.0000000Z
89,Lack of <b>COVID-19</b> testing at Colorado’s rural universities epitomizes higher education inequities,X Trending: Adams State <b>University</b> President Cheryl ... move-in process and 88 had tested positive for <b>COVID-19</b> as of Thursday. The state’s <b>outbreak</b> database also includes two related to CSU ...,https://www.denverpost.com/2020/08/29/covid-testing-adams-state-university-colorado-college-csu-pueblo-fort-lewis-college-cu-boulder/,The Denver Post,2020-09-09T23:16:00.0000000Z
90,Michigan State <b>University</b> Students Asked To Self-Quarantine After <b>Covid-19</b> <b>Outbreak</b>,(CBS DETROIT) – Health officials have asked Michigan State <b>University</b> students to self ... “The exponential growth of <b>COVID-19</b> cases must stop. I am concerned about the health and safety ...,https://detroit.cbslocal.com/2020/09/14/michigan-state-university-students-asked-to-self-quarantine-after-covid-19-outbreak/,CBS Detroit,2020-09-14T16:42:00.0000000Z
91,Colleges with <b>Covid-19</b> <b>Outbreaks</b> are Sending Students Home,"1. Some colleges are sending students home to avoid larger <b>outbreaks</b>. James Madison <b>University</b>, North Carolina State <b>University</b>, Colorado College, the State <b>University</b> of New York in Oneonta and ...",https://www.wsj.com/articles/colleges-with-covid-19-outbreaks-are-sending-students-home-11599586753,Wall Street Journal,2020-09-08T17:50:00.0000000Z
92,Memphis&#39; game vs. Houston on Sept. 19 postponed after <b>COVID-19</b> <b>outbreak</b> among Tigers players,The full Memphis statement from Friday: The <b>University</b> of Memphis has announced that a number of individuals connected with the Tigers&#39; football program tested positive for <b>COVID-19</b>. These ...,https://sports.yahoo.com/memphis-suspends-football-activities-covid-19-outbreak-player-denies-party-bus-214422140.html,Yahoo! Sports,2020-09-11T21:51:00.0000000Z
93,Western Michigan stops all athletic team workouts after <b>COVID-19</b> <b>outbreak</b>,"Western Michigan <b>University</b> announced on Thursday that all athletic activities have been paused after nine student athletes tested positive for <b>COVID-19</b>, according to multiple media reports.",https://www.freep.com/story/sports/college/2020/09/10/western-michigan-stops-athletic-workouts-after-covid-19-outbreak/3465813001/,Detroit Free Press,2020-09-11T17:10:00.0000000Z
94,"As NY colleges respond to <b>COVID-19</b> <b>outbreaks</b>, Cuomo announces new reporting mandate",With <b>COVID-19</b> <b>outbreaks</b> reported at several New York ... if there are spikes in the number of confirmed cases. The State <b>University</b> of New York unveiled a <b>COVID-19</b> tracker over the weekend ...,https://auburnpub.com/news/local/govt-and-politics/as-ny-colleges-respond-to-covid-19-outbreaks-cuomo-announces-new-reporting-mandate/article_236ee745-2392-5c66-8be6-ea2293c07c2d.html,Auburn Citizen,2020-09-09T06:46:00.0000000Z
95,Employees Say Cal State&#39;s <b>COVID-19</b> Policies Are Falling Short,"Kim Neal, right, is chair of the California State <b>University</b> Employees Union at CSU Los Angeles. The union represents clerical and IT workers, custodial staff and others at all 23 CSU campues.",https://laist.com/2020/09/11/cal_state_university_covid-19_policies_employees_criticism.php,LAist,2020-09-11T15:23:00.0000000Z
96,<b>COVID-19</b> <b>outbreak</b> reported in UofA student high rises,TUCSON (KVOA) - A <b>COVID-19</b> <b>outbreak</b> has been detected through contact ... shut down the swimming pools at the high rises around the <b>university</b>. The test Rescue Me Wellness is using is different ...,https://kvoa.com/coronavirus-coverage/2020/09/13/covid-19-outbreak-reported-in-uofa-student-high-rises/,KVOA 4,2020-09-13T18:18:00.0000000Z
97,Latest <b>COVID-19</b> data for Lynchburg area shows shifting trends,"<b>COVID-19</b> <b>outbreaks</b> have been reported in new settings ... qualify as <b>outbreaks</b> in educational settings. As of Friday, the <b>University</b> of Lynchburg had 26 positive <b>COVID-19</b> cases among its students ...",https://newsadvance.com/news/local/latest-covid-19-data-for-lynchburg-area-shows-shifting-trends/article_4a1b8bee-65c1-531c-a83c-3d293cafa1c1.html,The News &amp; Advance,2020-09-10T00:13:00.0000000Z
99,Wastewater testing program prevents massive <b>COVID-19</b> <b>outbreak</b> at the <b>University</b> of Arizona,"Humans shed the coronavirus through fecal material, and several scientists have the duty of testing fecal material for the coronavirus.",https://www.thedenverchannel.com/news/national/coronavirus/wastewater-testing-program-prevents-massive-covid-19-outbreak-at-the-university-of-arizona,7News and TheDenverChannel.com,2020-09-11T22:24:00.0000000Z
100,Students isolating after <b>Covid-19</b> <b>outbreak</b> at Manchester Metropolitan <b>University</b> halls - days after &#39;100-strong&#39; party took place,Several students are isolating at a Manchester Metropolitan University campus following an outbreak of coronavirus.  A spokesman for the university said they are &#39;managing a handful of confirmed cases&#39; in a block of flats at the Birley campus in Hulme.,https://www.msn.com/en-gb/news/newsmanchester/students-isolating-after-covid-19-outbreak-at-manchester-metropolitan-university-halls-days-after-100-strong-party-took-place/ar-BB19cxce,Manchester Evening News on MSN.com,2020-09-19T09:45:39.0000000Z
102,Michigan State <b>University</b> students asked to self-quarantine after <b>Covid-19</b> <b>outbreak</b>,"The <b>outbreak</b> started as students returned ... &quot;MSU is committed to doing everything we can to prevent the spread of <b>COVID-19</b>,&quot; Michigan State <b>University</b> Physician David Weismantel said in the ...",https://www.cnn.com/2020/09/12/us/msu-students-coronavirus-self-quarantine-trnd/index.html,CNN,2020-09-13T03:34:00.0000000Z
106,"&#39;This is a long-haul thing&#39;: ASU, UA discuss <b>COVID-19</b> campus <b>outbreaks</b>, brace for possible spike",Both Arizona State <b>University</b> and <b>University</b> of Arizona held virtual meetings Wednesday morning to discuss <b>COVID-19</b> <b>outbreaks</b> among their students and staff in addition to detailing the efforts ...,https://www.msn.com/en-us/news/us/this-is-a-long-haul-thing-asu-ua-discuss-covid-19-campus-outbreaks-brace-for-possible-spike/ar-BB18Soue,MSN,2020-09-10T02:09:00.0000000Z
107,<b>COVID-19</b> <b>outbreak</b> reported at high rises near UArizona campus,"A <b>COVID-19</b> <b>outbreak</b> has been reported at student high rises west of the <b>University</b> of Arizona campus, according to a news release from Ward 6. KGUN Tucson, AZ ABC News Like us on Facebook to see ...",https://www.msn.com/en-us/news/us/covid-19-outbreak-reported-at-high-rises-near-uarizona-campus/vi-BB18ZRjv,MSN,2020-09-14T00:22:00.0000000Z
108,<b>COVID-19</b> LIVE UPDATES: Missouri reports 773 new confirmed cases of coronavirus on Tuesday,"The <b>University</b> of Kansas held classes on ... 7:30 a.m. -- Johnson County reported Tuesday morning 8,783 cases of <b>COVID-19</b> since the <b>outbreak</b> started. The county said it has 5,985 presumed ...",https://www.msn.com/en-us/news/us/covid-19-live-updates-ku-students-strike-to-protest-campus-opening-during-coronavirus-outbreak/ar-BB18OVZX,MSN,2020-09-09T03:18:00.0000000Z
110,Western <b>University</b> testing trailer hits capacity following <b>COVID-19</b> <b>outbreak</b>,The testing trailer was met with busy lines after a number of students tested positive for the novel coronavirus.,https://www.msn.com/en-ca/news/world/western-university-testing-trailer-hits-capacity-following-covid-19-outbreak/ar-BB192p1x,Global News on MSN.com,2020-09-14T21:12:39.0000000Z
129,<b>COVID-19</b> <b>outbreaks</b> at colleges worry experts as some students continue to ignore health rules,"Coronavirus <b>outbreaks</b> continue on college campuses ... he&#39;s optimistic the company will know if its vaccine works by the end of October, while Oxford <b>University</b> announced its vaccine trials with AstraZeneca would resume after they were paused to ...",https://news.yahoo.com/covid-19-outbreaks-colleges-worry-120112066.html,Yahoo! News,2020-09-14T13:45:00.0000000Z
134,Michigan State <b>University</b> students asked to self-quarantine amid surge of coronavirus (<b>COVID-19</b>) cases,Students at Michigan State <b>University</b> (MSU) are being asked to self-quarantine as coronavirus (<b>COVID-19</b>) cases continue ... immediately to contain the <b>outbreak</b>.&quot; “This is an urgent situation ...,https://www.clickondetroit.com/news/michigan/2020/09/12/michigan-state-university-students-asked-to-self-quarantine-amid-surge-of-coronavirus-covid-19-cases/,clickondetroit.com,2020-09-12T15:54:00.0000000Z
152,Kappa Sigma fraternity at CSU sees second <b>COVID-19</b> <b>outbreak</b>,"FORT COLLINS, Colo. — For some Colorado State <b>University</b> students, the news of a second <b>COVID-19</b> <b>outbreak</b> at the Kappa Sigma fraternity came as a surprise. &quot;Maybe they’re partying, maybe they ...",https://www.thedenverchannel.com/news/coronavirus/kappa-sigma-fraternity-at-csu-sees-second-covid-19-outbreak,7News and TheDenverChannel.com,2020-09-11T14:30:00.0000000Z
156,Bradley quarantines student body after <b>COVID-19</b> <b>outbreak</b>,"In announcing the measure, the <b>university</b> said it has tallied about 50 <b>COVID-19</b> cases so far, adding emergency measures are needed to respond to the <b>outbreak</b> without disrupting academic progress.",https://www.msn.com/en-us/news/us/bradley-quarantines-student-body-after-covid-19-outbreak/ar-BB18Q1OS,MSN,2020-09-09T03:12:00.0000000Z
157,Illinois <b>university</b> quarantines entire student body due to coronavirus <b>outbreak</b>,"In announcing the measure, the <b>university</b> said it has tallied about 50 <b>COVID-19</b> cases so far, adding emergency measures are needed to respond to the <b>outbreak</b> without disrupting academic progress.",https://www.cbsnews.com/news/bradley-university-quarantines-entire-student-body-coronavirus-outbreak-peoria-illinois/,CBS News,2020-09-09T12:59:00.0000000Z
160,"<b>COVID-19</b> LIVE UPDATES: Missouri reports 1,613 new coronavirus cases on Sunday","Tracking from Johns Hopkins <b>University</b> shows that ... County reported Wednesday morning 8,949 cases (+166) of <b>COVID-19</b> since the <b>outbreak</b> started. The county said it has 6,152 presumed recoveries ...",https://www.msn.com/en-us/news/us/covid-19-live-updates-state-finance-council-extends-kansas-covid-19-emergency-declaration/ar-BB18WsxV,MSN,2020-09-13T20:46:00.0000000Z
161,"Arizona, Known as a <b>Covid-19</b> Hot Spot, Starts to Subdue Its <b>Outbreak</b>","As recently as mid-July, Arizona was in the midst of a full-blown coronavirus <b>outbreak</b>. It repeatedly ... Can Arizona avoid becoming a <b>Covid-19</b> hot spot again? Why, or why not?",https://www.wsj.com/articles/arizona-known-as-a-covid-19-hot-spot-starts-to-subdue-its-outbreak-11600075802,Wall Street Journal,2020-09-14T09:30:00.0000000Z
162,How One South Florida <b>University</b> Is Combating <b>COVID-19</b>,"several colleges and universities have welcomed students back to campus only to be forced to go virtual again because of <b>COVID-19</b> <b>outbreaks</b>. To prevent that scenario, the <b>University</b> of Miami ...",https://www.nbcmiami.com/news/local/schools-and-covid/how-one-south-florida-university-is-combating-covid-19/2291577/,NBC 6 South Florida,2020-09-12T00:06:00.0000000Z
163,Cuomo: Focus shifting to college <b>outbreaks</b> in state&#39;s <b>COVID-19</b> response,"As concerns grow over <b>COVID-19</b> on campuses, Cuomo named seven schools that have seen <b>outbreaks</b>, including Hofstra <b>University</b> in Hempstead, along with SUNY Oneonta, SUNY Oswego, SUNY Fredonia ...",https://www.newsday.com/news/health/coronavirus/virus-long-island-new-york-schools-covid19-1.49094521,Newsday,2020-09-08T21:45:00.0000000Z
164,Bradley <b>University</b> quarantines entire student body after <b>COVID-19</b> <b>outbreak</b>,"In announcing the measure, the <b>university</b> said it has tallied about 50 <b>COVID-19</b> cases so far, adding emergency measures are needed to respond to the <b>outbreak</b> without disrupting academic progress.",https://www.wzzm13.com/article/news/health/coronavirus/bradley-university-quarantines-entire-student-body-after-covid-19-outbreak/507-3b9e44dc-b978-4888-9aba-1cfa15ab6b97,WZZM,2020-09-09T23:51:00.0000000Z
165,"Four Rutgers athletes, athletics staff member test positive for <b>COVID-19</b>","Many athletics programs across the country in recent weeks have dealt with <b>COVID-19</b> <b>outbreaks</b>, especially as general student populations began returning to campus. Rutgers <b>University</b> is mostly ...",https://www.app.com/story/sports/college/rutgers/2020/09/09/covid-19-rutgers-university-four-athletes-staff-member-test-positive/5765123002/,app.com,2020-09-09T23:01:00.0000000Z
166,Bradley quarantines student body after <b>COVID-19</b> <b>outbreak</b>,"In announcing the measure, the <b>university</b> said it has tallied about 50 <b>COVID-19</b> cases so far, adding emergency measures are needed to respond to the <b>outbreak</b> without disrupting academic progress.",https://qctimes.com/bradley-quarantines-student-body-after-covid-19-outbreak/article_2814c85a-68ed-5092-a5cc-9f839f83e3c9.html,Quad-City Times,2020-09-10T00:17:00.0000000Z
167,Bradley <b>University</b> quarantines entire student body after <b>COVID-19</b> <b>outbreak</b>,"In announcing the measure, the <b>university</b> said it has tallied about 50 <b>COVID-19</b> cases so far, adding emergency measures are needed to respond to the <b>outbreak</b> without disrupting academic progress.",https://www.9news.com/article/news/health/coronavirus/bradley-university-quarantines-entire-student-body-after-covid-19-outbreak/507-3b9e44dc-b978-4888-9aba-1cfa15ab6b97,KUSA,2020-09-09T20:17:00.0000000Z
168,Report: Memphis-Houston Game in Jeopardy After <b>COVID-19</b> <b>Outbreak</b>,"The <b>University</b> of Memphis&#39; game against the <b>University</b> of Houston is in jeopardy of being postponed or canceled after a <b>COVID-19</b> <b>outbreak</b> within the Tigers&#39; program, according to the Commercial ...",https://www.si.com/college/2020/09/11/memphis-houston-jeopardy-covid-outbreak,Sports Illustrated,2020-09-11T20:40:00.0000000Z
169,‘I knew it would happen’: 124 <b>COVID-19</b> cases confirmed at Michigan State <b>University</b>,There have been 124 coronavirus (<b>COVID-19</b>) cases confirmed at Michigan State <b>University</b> in East Lansing ... any big party or event that sparked the <b>outbreak</b>.,https://www.clickondetroit.com/news/local/2020/09/08/i-knew-it-would-happen-124-covid-19-cases-confirmed-at-michigan-state-university/,clickondetroit.com,2020-09-08T22:52:00.0000000Z
170,<b>University</b> of Michigan warns about <b>COVID-19</b> exposure on campus,"ANN ARBOR, Mich. (WXYZ) — A <b>University</b> of Michigan student has tested positive for the coronavirus and the <b>university</b> is warning that others may have been exposed ...",https://www.wxyz.com/news/coronavirus/university-of-michigan-warns-about-covid-19-exposure-on-campus,WXYZ Detroit,2020-09-12T13:36:00.0000000Z
171,BC’s <b>COVID-19</b> <b>outbreak</b> not a good sign for proponents of ‘let them play’,"But as we continue amid this ongoing <b>COVID-19</b> pandemic, the converse question ... resident ACC representative Boston College, where an <b>outbreak</b> of positive tests has raised concerns about the ...",https://www.bostonglobe.com/2020/09/12/sports/bcs-covid-19-outbreak-not-good-sign-proponents-let-them-play/,The Boston Globe,2020-09-12T23:38:00.0000000Z
172,Germany links <b>Covid-19</b> <b>outbreak</b> at ski resort to US citizen who failed to quarantine,"(CNN)A coronavirus <b>outbreak</b> at a popular Bavarian ski resort ... chose to socialize despite having <b>Covid-19</b> symptoms, according to Stephan Scharf, press officer at Garmisch-Partenkirchen District ...",https://www.cnn.com/2020/09/14/europe/germany-bavaria-outbreak-coronavirus-intl/index.html,CNN,2020-09-14T18:26:00.0000000Z
173,Cuomo: <b>COVID-19</b> a Problem on New York Campuses,"The governor said at a briefing that six other colleges in New York had seen <b>outbreaks</b>: Cornell <b>University</b>, <b>University</b> at Buffalo, Hofstra <b>University</b>, SUNY Oswego, Colgate <b>University</b> and SUNY ...",https://www.usnews.com/news/best-states/new-york/articles/2020-09-08/cuomo-covid-19-a-problem-on-new-york-campuses,U.S. News &amp; World Report,2020-09-08T22:48:00.0000000Z
174,<b>Covid-19</b> <b>outbreak</b> and the RAT rage,"The second half of 2020 has seen the rise of the Rapid Antigen Test (RAT) for diagnosis of <b>Covid-19</b>, as a quirky reminder ... Pettengill from Thomas Jefferson <b>University</b>, Philadelphia.",https://www.financialexpress.com/opinion/covid-19-outbreak-and-the-rat-rage/2079250/,The Financial Express,2020-09-10T12:31:00.0000000Z
175,<b>University</b> of Tennessee turns to at-home and wastewater tests to help stop COVID spike,"The <b>university</b> found early signs of <b>COVID-19</b> in a dorm and was able to stop a larger <b>outbreak</b>. That would also be the goal of wastewater testing at UT, Plowman and Gregg said. UT has seen nine ...",https://www.knoxnews.com/story/news/education/2020/09/11/university-tennessee-increase-covid-19-testing-cases-climb/5760814002/,Knox News,2020-09-11T16:52:00.0000000Z
176,Bradley quarantines student body after <b>COVID-19</b> <b>outbreak</b>,"In announcing the measure, the <b>university</b> said it has tallied about 50 <b>COVID-19</b> cases so far, adding emergency measures are needed to respond to the <b>outbreak</b> without disrupting academic progress.",https://www.sacbee.com/news/article245586280.html,Sacramento Bee,2020-09-09T02:15:00.0000000Z
177,Memphis vs Houston football game on Friday postponed after Tigers&#39; <b>COVID-19</b> <b>outbreak</b>,"After a <b>COVID-19</b> <b>outbreak</b> within the Memphis football program ... players recover from positive <b>COVID-19</b> tests, contact tracing <b>University</b> of Memphis announces new mascot, TOM IV, will be ...",https://www.commercialappeal.com/story/sports/college/memphis-tigers/2020/09/12/memphis-houston-football-postponed-covid-19-outbreak/5771750002/,Commercial Appeal,2020-09-12T22:46:00.0000000Z
178,3 more Colorado schools report <b>COVID-19</b> <b>outbreaks</b>; cluster linked to Cameron Peak fire response,"stress of <b>COVID-19</b> semester <b>Outbreaks</b> have popped up in 16 other child care facilities, and 10 are still ongoing. No deaths have been linked to those facilities. Only one <b>university</b> <b>outbreak</b> is ...",https://www.dailycamera.com/2020/09/02/colorado-covid-outbreaks-schools-cameron-peak-fire/,Daily Camera,2020-09-10T07:59:00.0000000Z
179,Memphis pauses football after <b>COVID-19</b> <b>outbreak</b>,18 game against the <b>University</b> of Houston is in jeopardy ... Memphis pauses football after <b>COVID-19</b> <b>outbreak</b> originally appeared on Pro Football Talk,https://sports.yahoo.com/memphis-pauses-football-covid-19-221312929.html,Yahoo! Sports,2020-09-11T23:32:00.0000000Z
180,Influenza season could create ‘perfect storm’ for <b>COVID-19</b> <b>outbreaks</b>,"Marrazzo stressed that, amid <b>COVID-19</b> <b>outbreaks</b> on college campuses ... AM (Hon), an IDSA fellow and professor of medicine at Brown <b>University</b>’s Warren Alpert Medical School, noted that the ...",https://www.healio.com/news/infectious-disease/20200910/influenza-season-could-create-perfect-storm-for-covid19-outbreaks,Healio,2020-09-10T19:59:00.0000000Z
181,Bradley quarantines student body after <b>COVID-19</b> <b>outbreak</b>,"In announcing the measure, the <b>university</b> said it has tallied about 50 <b>COVID-19</b> cases so far, adding emergency measures are needed to respond to the <b>outbreak</b> without disrupting academic progress.",https://www.thestate.com/news/article245586280.html,The State,2020-09-09T03:03:00.0000000Z
182,Weight Stigma Predicts Emotional Distress and Binge Eating During <b>COVID-19</b>,"and support during <b>outbreaks</b> of <b>COVID-19</b> and similar public health emergencies,” says lead author of the study Rebecca Puhl, professor of Human Development &amp; Family Sciences and Deputy Director at the <b>University</b> of Connecticut’s Rudd Center.",https://today.uconn.edu/2020/09/weight-stigma-predicts-emotional-distress-binge-eating-covid-19/,UConn Today,2020-09-10T11:18:00.0000000Z
183,Bradley quarantines student body after <b>COVID-19</b> <b>outbreak</b>,"In announcing the measure, the <b>university</b> said it has tallied about 50 <b>COVID-19</b> cases so far, adding emergency measures are needed to respond to the <b>outbreak</b> without disrupting academic progress.",https://www.bnd.com/news/article245586280.html,BND,2020-09-09T02:16:00.0000000Z
184,"More cats might be <b>COVID-19</b> positive than first believed, study suggests","where the first known <b>outbreak</b> of <b>COVID-19</b> began, shows more cats might be contracting the disease than first believed. Researchers from Huazhong Agricultural <b>University</b>, in the Chinese city ...",https://phys.org/news/2020-09-cats-covid-positive-believed.html,Phys.org,2020-09-09T00:00:00.0000000Z
185,Cuomo attributes college COVID <b>outbreaks</b> to out-of-staters,"Andrew Cuomo attributed multiple <b>COVID-19</b> <b>outbreaks</b> at dozens of state ... than 100 new coronavirus cases each, including <b>outbreaks</b> at Cornell <b>University</b>, Colgate <b>University</b>, Hofstra <b>University</b> ...",https://www.thedailynewsonline.com/news/cuomo-attributes-college-covid-outbreaks-to-out-of-staters/article_1c81dd08-84f3-55c6-9ed3-bfaa7a04be65.html,The Daily News Online,2020-09-09T06:20:00.0000000Z
186,<b>COVID-19</b> <b>outbreak</b> reported at Deerfield Correctional Center,"(WHSV) - Deerfield Correctional Center in Capron has 407 offenders with <b>COVID-19</b>. Two Deerfield offenders ... Virginia Commonwealth <b>University</b>, the <b>University</b> of Virginia, Armor Correctional ...",https://www.msn.com/en-us/health/medical/covid-19-outbreak-reported-at-deerfield-correctional-center/ar-BB18Yb43,MSN,2020-09-12T18:45:00.0000000Z
187,Britain&#39;s universities have been abandoned to fight <b>Covid-19</b> alone,"With nearly 90,000 confirmed cases on campus since the pandemic began in the spring, a new wave of <b>Covid-19</b> ... <b>outbreak</b>. As the situation worsens in the city or town surrounding any <b>university</b> ...",https://www.theguardian.com/commentisfree/2020/sep/14/britain-universities-covid-19-campuses,The Guardian,2020-09-14T13:55:00.0000000Z
188,Some college towns grapple with <b>COVID-19</b> after students return for fall semester,"The <b>outbreak</b> started as students returned ... though at least one of them tested positive for <b>COVID-19</b>, according to police records. The <b>university</b> declined to comment, citing federal privacy ...",https://www.winknews.com/2020/09/12/some-college-towns-grapple-with-covid-19-after-students-return-for-fall-semester/,WINK NEWS,2020-09-13T00:19:00.0000000Z
189,Weight stigma predicts emotional distress and binge eating during <b>COVID-19</b>,"&quot;With additional <b>outbreaks</b> and more cases of <b>COVID-19</b> expected in the coming months ... Study co-authors include Leah Lessard of the <b>University</b> of Connecticut, and Nicole Larson and Marla ...",https://www.eurekalert.org/pub_releases/2020-09/urcf-wsp090420.php,EurekAlert!,2020-09-10T04:04:00.0000000Z
190,Memphis vs. Houston game postponed after <b>COVID-19</b> <b>outbreak</b>,"MEMPHIS, Tenn. (WMC) - The Memphis Tigers game Friday against the Houston Cougars is postponed after a <b>COVID-19</b> <b>outbreak</b> connected to the Tigers football program. The <b>University</b> of Memphis made ...",https://www.wmcactionnews5.com/2020/09/12/reports-memphis-vs-houston-game-postponed-after-covid-outbreak/,Action News 5,2020-09-12T21:56:00.0000000Z
191,"<b>COVID-19</b> has overwhelmed some college campuses. At area universities, case numbers remain relatively small.","Appalachian State <b>University</b> has reported more <b>COVID-19</b> ... In May and June, Appalachian State (two) and UNCG (one) had <b>COVID-19</b> <b>outbreaks</b> among construction subcontractors working on campus ...",https://journalnow.com/news/local/covid-19-has-overwhelmed-some-college-campuses-at-area-universities-case-numbers-remain-relatively-small/article_985c735a-f3a3-11ea-9c1a-ab660fb817fe.html,Winston-Salem Journal,2020-09-13T21:30:00.0000000Z
192,Newton mayor relays concerns about rising <b>COVID-19</b> cases to Boston College officials,In the midst of a growing <b>outbreak</b> of <b>COVID-19</b> cases at Boston College ... according to testing numbers published Saturday by the <b>university</b>. Thirty of the college’s 750 varsity athletes ...,https://www.bostonglobe.com/2020/09/12/metro/newton-mayor-relays-concerns-about-rising-covid-19-cases-boston-college-officials/,The Boston Globe,2020-09-12T23:42:00.0000000Z
193,U.S. Has Its Deadliest Day in More Than Two Weeks: Virus Update,The <b>University</b> of Oxford is resuming trials ... the first sanction against a meatpacker connected with a deadly <b>Covid-19</b> <b>outbreak</b>. The fine levied against Smithfield drew outrage as inadequate ...,https://www.bloomberg.com/news/articles/2020-09-11/u-s-cases-rise-0-8-texas-nears-14-000-deaths-virus-update,Bloomberg,2020-09-12T03:08:00.0000000Z
364,New <b>COVID-19</b> Projections Show Mixed Picture of Community Spread from College Campus <b>Outbreaks</b>,"9, 2020 /PRNewswire/ -- New four-week <b>COVID-19</b> case projections released ... which experienced significant <b>outbreaks</b> on the campuses of the <b>University</b> of North Carolina and North Carolina State ...",https://markets.businessinsider.com/news/stocks/new-covid-19-projections-show-mixed-picture-of-community-spread-from-college-campus-outbreaks-1029575509,Business Insider,2020-09-09T20:23:00.0000000Z
375,"<b>COVID-19</b> LIVE UPDATES: Missouri reports 1,362 new coronavirus cases; Kansas adds 496","Tracking from Johns Hopkins <b>University</b> shows that ... County reported Wednesday morning 8,949 cases (+166) of <b>COVID-19</b> since the <b>outbreak</b> started. The county said it has 6,152 presumed recoveries ...",https://www.msn.com/en-us/news/us/covid-19-live-updates-missouri-reports-1362-new-coronavirus-cases-kansas-adds-496/ar-BB18RHQz,MSN,2020-09-10T02:42:00.0000000Z
384,Cuomo: <b>COVID-19</b> a problem on New York campuses,"Andrew Cuomo said Tuesday that <b>COVID-19</b> <b>outbreaks</b> at colleges are already ... that six other colleges in New York had seen <b>outbreaks</b>: Cornell <b>University</b>, <b>University</b> at Buffalo, Hofstra <b>University</b> ...",https://libn.com/2020/09/09/cuomo-covid-19-a-problem-on-new-york-campuses/,Long Island Business News,2020-09-09T14:03:00.0000000Z
826,&#39;Astonishingly risky&#39;: <b>COVID-19</b> cases at colleges are fueling the nation&#39;s hottest <b>outbreaks</b>,"The <b>university</b> had hoped its mix of in-person and online classes and mask-wearing guidelines, among other measures, would be enough to prevent an <b>outbreak</b>. NOTIFIED: Sept. 25, 2020 Landmine ...",https://www.msn.com/en-us/news/us/astonishingly-risky-covid-19-cases-at-colleges-are-fueling-the-nation-s-hottest-outbreaks/ar-BB18VErF,MSN,2020-09-11T18:14:00.0000000Z
850,Bradley quarantines student body after <b>COVID-19</b> <b>outbreak</b>,"In announcing the measure, the <b>university</b> said it has tallied about 50 <b>COVID-19</b> cases so far, adding emergency measures are needed to respond to the <b>outbreak</b> without disrupting academic progress.",https://www.stamfordadvocate.com/news/article/Bradley-quarantines-student-body-after-COVID-19-15551721.php,StamfordAdvocate,2020-09-09T02:10:00.0000000Z
1045,"After 342 new <b>COVID-19</b> cases in 3 weeks, Michigan State students urged to self-quarantine",EAST LANSING – Health officials are strongly recommending Michigan State <b>University</b> students living in or near East Lansing self-quarantine immediately following a surge in <b>COVID-19</b> cases.,https://www.freep.com/story/news/local/2020/09/12/michigan-state-msu-covid-19-surge-quarantine-recommended/5779168002/,Detroit Free Press,2020-09-12T16:47:00.0000000Z
2255,MSU students asked to self-quarantine &#39;immediately&#39; after <b>COVID-19</b> <b>outbreak</b>,"The health department is strongly recommending all local MSU students self-quarantine immediately to contain the <b>outbreak</b> ... the spread of <b>COVID-19</b>,” said Michigan State <b>University</b> Physician ...",https://www.fox17online.com/news/local-news/michigan/msu-students-asked-to-self-quarantine-immediately-after-covid-19-outbreak,FOX 17,2020-09-12T16:50:00.0000000Z
2270,Michigan State <b>University</b> students asked to self-quarantine after <b>Covid-19</b> <b>outbreak</b>,"The <b>outbreak</b> started as students returned ... to doing everything we can to prevent the spread of <b>COVID-19</b>,” Michigan State <b>University</b> Physician David Weismantel said in the statement.",https://kesq.com/news/national-world/2020/09/12/michigan-state-university-students-asked-to-self-quarantine-after-covid-19-outbreak/,KESQ News,2020-09-12T21:50:00.0000000Z
2278,Bradley quarantines student body after <b>COVID-19</b> <b>outbreak</b>,"PEORIA, Ill. (AP) — Bradley <b>University</b> in central Illinois is requiring its entire student body to quarantine for two weeks because of a <b>COVID-19</b> <b>outbreak</b>, and is reverting to remote learning.",https://wsiltv.com/2020/09/08/bradley-quarantines-student-body-after-covid-19-outbreak/,WSIL-TV,2020-09-09T02:17:00.0000000Z
5045,"Wastewater testing at CSU shows signs of <b>COVID-19</b> at Moby Arena, Durrell Center",The Colorado Department of Public Health and Environment has reported two “<b>outbreaks</b>” of <b>COVID-19</b> on the CSU campus. Twenty-four of the <b>university</b>’s varsity athletes and/or staff members had ...,https://www.coloradoan.com/story/news/education/2020/09/08/wastewater-testing-colorado-state-university-more-traces-covid-19/5752844002/,Fort Collins Coloradoan,2020-09-08T23:53:00.0000000Z
8892,Michigan State <b>University</b> students asked to self-quarantine after <b>Covid-19</b> <b>outbreak</b>,"The <b>outbreak</b> started as students returned to the East ... &quot;MSU is committed to doing everything we can to prevent the spread of <b>COVID-19</b>,&quot; Michigan State <b>University</b> Physician David Weismantel said in the statement. &quot;The safety of our entire community ...",https://www.cnn.com/2020/09/12/us/msu-students-coronavirus-self-quarantine-trnd/index.html,CNN,2020-09-13T03:34:00.0000000Z
9458,WMU athletics the latest to shut down amid spike in <b>COVID-19</b> cases,Western Michigan has become the latest college athletic department in the state to shut down sports amid a <b>COVID-19</b> <b>outbreak</b>. The <b>university</b> sent out a media alert Thursday night citing nine ...,https://www.detroitnews.com/story/sports/college/2020/09/11/wmu-athletics-latest-shut-down-amid-spike-covid-19-cases/3467171001/,Detroit News,2020-09-12T05:06:00.0000000Z
13878,Wastewater testing program prevents massive <b>COVID-19</b> <b>outbreak</b> at the <b>University</b> of Arizona,"“Between 9 and 10 a.m. is when you’ll have the heavier outflow, so it’s still a little early,” said Jeff Bilznick, who collects samples of wastewater at the <b>University</b> of Arizona ... So he can test it for <b>COVID-19</b>. “Hi, I’m Dr. Pepper.”",https://www.thedenverchannel.com/news/national/coronavirus/wastewater-testing-program-prevents-massive-covid-19-outbreak-at-the-university-of-arizona,7News and TheDenverChannel.com,2020-09-11T23:49:00.0000000Z
19364,"<b>COVID-19</b> LIVE UPDATES: Missouri reports 1,613 new coronavirus cases on Sunday","Tracking from Johns Hopkins <b>University</b> shows that ... County reported Wednesday morning 8,949 cases (+166) of <b>COVID-19</b> since the <b>outbreak</b> started. The county said it has 6,152 presumed recoveries ...",https://www.msn.com/en-us/news/us/covid-19-live-updates-missouri-reports-1613-new-coronavirus-cases-on-sunday/ar-BB18WsxV,MSN,2020-09-13T20:57:00.0000000Z
51439,"Tracking coronavirus cases, <b>outbreaks</b> in Michigan schools","A <b>COVID-19</b> <b>outbreak</b> is defined as two or more cases ... updated each Monday at 3 p.m., and will include K-12, college and <b>university</b> school name, address, number of cases and if the cases involved ...",https://www.clickondetroit.com/health/2020/09/14/tracking-coronavirus-cases-outbreaks-in-michigan-schools/,clickondetroit.com,2020-09-14T19:28:00.0000000Z
51455,Flu <b>outbreaks</b> may be linked to <b>COVID-19</b>; arthritis drug benefit seen,"Flu may be linked with coronavirus spread Influenza <b>outbreaks</b> may be linked with the spread of <b>COVID-19</b> infections, according to a European ... The panel of authors, led by Dr. Kimberly Hanson of the <b>University</b> of Utah, listed three instances in which ...",https://news.yahoo.com/flu-outbreaks-may-linked-covid-192839579.html,Yahoo! News,2020-09-14T19:29:00.0000000Z
110261,Flu <b>outbreaks</b> may be linked to <b>COVID-19</b>; arthritis drug benefit seen,"Influenza <b>outbreaks</b> may be linked with the spread of <b>COVID-19</b> infections ... The panel of authors, led by Dr. Kimberly Hanson of the <b>University</b> of Utah, listed three instances in which a test ...",https://uk.reuters.com/article/us-health-coronavirus-science/flu-outbreaks-may-be-linked-to-covid-19-arthritis-drug-benefit-seen-idUKKBN26538P,Reuters,2020-09-14T19:40:00.0000000Z
216440,Bradley <b>University</b> quarantines entire student body after <b>COVID-19</b> <b>outbreak</b>,"In announcing the measure, the <b>university</b> said it has tallied about 50 <b>COVID-19</b> cases so far, adding emergency measures are needed to respond to the <b>outbreak</b> without disrupting academic progress.",https://www.wkyc.com/article/news/health/coronavirus/bradley-university-quarantines-entire-student-body-after-covid-19-outbreak/507-3b9e44dc-b978-4888-9aba-1cfa15ab6b97,WKYC3,2020-09-09T20:23:00.0000000Z
216456,Dane County calls on UW to close dorms following campus <b>COVID-19</b> <b>outbreaks</b>,Parisi said 46 separate <b>outbreaks</b> are tied to the campus ... Hundreds of UW Greek life members to get tested after <b>COVID-19</b> outbreakPublic Health Madison &amp; Dane County and the <b>University</b> of Wisconsin directed nine fraternities and sororities in off ...,https://badgerherald.com/news/2020/09/09/dane-county-calls-on-uw-to-close-dorms-following-campus-covid-19-outbreaks/,Badger Herald,2020-09-09T22:55:00.0000000Z
216463,"Frats, Sororities in St. Louis Metro Hoping to Avoid <b>COVID-19</b> <b>Outbreaks</b>",has been the center of coronavirus <b>outbreaks</b> at college campuses thus far. The <b>University</b> of Missouri’s school newspaper reported multiple <b>COVID-19</b> cases in at least two fraternities on August 18.,https://www.riverfronttimes.com/newsblog/2020/09/10/frats-sororities-in-st-louis-metro-hoping-to-avoid-covid-19-outbreaks,Riverfront Times,2020-09-10T11:19:00.0000000Z
224842,Wastewater testing program prevents massive <b>COVID-19</b> <b>outbreak</b> at the <b>University</b> of Arizona,"“Between 9 and 10 a.m. is when you’ll have the heavier outflow, so it’s still a little early,” said Jeff Bilznick, who collects samples of wastewater at the <b>University</b> of Arizona. 8:30 a.m. and some students have yet to wake up to start their day.",https://www.thedenverchannel.com/news/national/coronavirus/wastewater-testing-program-prevents-massive-covid-19-outbreak-at-the-university-of-arizona,7News and TheDenverChannel.com,2020-09-11T23:49:00.0000000Z
290216,Ingham Co. health officials take emergency action after <b>COVID-19</b> <b>outbreak</b> is linked to MSU students,"EAST LANSING, Mich. (WXYZ) — The Ingham County Health Department is taking emergency action after a severe <b>outbreak</b> of <b>COVID-19</b> linked to students at Michigan State ...",https://www.wxyz.com/news/coronavirus/ingham-county-health-officials-take-emergency-action-after-covid-19-outbreak-is-linked-to-msu-students,WXYZ Detroit,2020-09-14T20:13:00.0000000Z
294619,"U.S. needs more tests to control <b>COVID-19</b> <b>outbreak</b> as death toll surpasses 200,000: media","A medical worker takes a swab sample at a COVID-19 drive-thru testing site in Washington D.C., the United States, May 19, 2020. (Photo by Ting Shen/Xinhua) According to a number of experts, although the United States on Saturday set a one-day record with over 1 million coronavirus diagnostic tests,",https://www.msn.com/en-xl/news/other/us-needs-more-tests-to-control-covid-19-outbreak-as-death-toll-surpasses-200000-media/ar-BB19kTYz,N.C.N. Limited on MSN.com,2020-09-23T08:51:14.0000000Z
